LocusName,GeneName,ForwardPrimer,ReversePrimer
SAG2,TGME49_271050,TCTGTTCTCCGAAGTGACTCC,TCAAAGCGTGCATTATCGC 
PK1,,GAAAGCTGTCCACCCTGAAA,AGAAAGCTCCGTGCAGTGAT
GRA6,TGME49_275440,ATTTGTGTTTCCGAGCAGGT,GCACCTTCGCTTGTGGTT
SAG1,,GTTCTAACCACGCACCCTGAG,AAGAGTGGGAGGCTCTGTGA
c29-2,,ACCCACTGAGCGAAAAGAAA,AGGGTCTCTTGCGCATACAT
L358,,TCTCTCGACTTCGCCTCTTC,GCAATTTCCTCGAAGACAGG
Apico,,TGGTTTTAACCCTAGATTGTGG,AAACGGAATTAATGAGATTTGAA
c22-8,,TGATGCATCCATGCGTTTAT,CCTCCACTTCTTCGGTCTCA
BTUB,,TCCAAAATGAGAGAAATCGT,AAATTGAAATGACGGAAGAA
altSAG2,,GGAACGCGAACAATGAGTTT,GCACTGTTGTCCAGGGTTTT
SAG3,,CAACTCTCACCATTCCACCC,GCGCGTTGTTAGACAAGACA
GRA15,,GTTGGATTGCTGATTACAGT,CCGTTCAGAGTCTTGTACTG

